[Data],,,,,,,,,
Sample_ID,Sample_Name,Sample_Plate,Sample_Well,I7_Index_ID,index,I5_Index_ID,index2,Sample_Project,Description
SPLiT_N701,,,,,CAGATC,,,,
SPLiT_N702,,,,,ACTTGA,,,,
SPLiT_N703,,,,,GATCAG,,,,
SPLiT_N704,,,,,TAGCTT,,,,
SPLiT_N705,,,,,GGCTAC,,,,
SPLiT_N706,,,,,CTTGTA,,,,
SPLiT_N707,,,,,AGTCAA,,,,
SPLiT_N708,,,,,AGTTCC,,,,
SPLiT_N709,,,,,ATGTCA,,,,
SPLiT_N710,,,,,CCGTCC,,,,
SPLiT_N711,,,,,GTAGAG,,,,
SPLiT_N712,,,,,GTCCGC,,,,
SPLiT_N713,,,,,GTGAAA,,,,
SPLiT_N714,,,,,GTGGCC,,,,
SPLiT_N715,,,,,GTTTCG,,,,
SPLiT_N716,,,,,CGTACG,,,,
SPLiT_N717,,,,,CACTGA,,,,
SPLiT_N718,,,,,ATTCCT,,,,
SPLiT_N719,,,,,TCGGCA,,,,
SPLiT_N720,,,,,CGGAAT,,,,
SPLiT_N721,,,,,GACGAC,,,,
SPLiT_N722,,,,,TAATCG,,,,
SPLiT_N723,,,,,ACAGTG,,,,
SPLiT_N724,,,,,GGTAGC,,,,
